readout,group,m_chips,k_cells,zprime_median,p_zprime_gt_0_5,logec50_err_median
caes,LY294002,2,5,-3.6695630703341595,0.016666666666666666,0.3755883529242825
caes,LY294002,2,10,-2.5274934675349536,0.03333333333333333,0.19866865251988924
caes,LY294002,2,20,-0.44469353770800835,0.1,0.1368938749364877
caes,LY294002,2,40,-0.08522048153838502,0.18333333333333332,0.0648003903086013
caes,LY294002,2,80,0.3735696970483586,0.36666666666666664,0.054268471811593555
caes,LY294002,2,10000,0.542740651175728,0.6,0.024773511239222556
caes,LY294002,3,5,-5.874632753508466,0.0,0.2623807305849869
caes,LY294002,3,10,-2.293065225394173,0.0,0.14030408698976105
caes,LY294002,3,20,-0.6452649113632769,0.03333333333333333,0.0884004657376436
caes,LY294002,3,40,0.05517769936522837,0.16666666666666666,0.04969121910222113
caes,LY294002,3,80,0.38965101789482354,0.25,0.03719556235091531
caes,LY294002,3,10000,0.5872219368510768,0.7,0.024372534125926937
caes,LY294002,4,5,-4.7705348567993,0.0,0.22641677168096996
caes,LY294002,4,10,-2.1204437083740695,0.0,0.11034026645858014
caes,LY294002,4,20,-0.6676075583245038,0.0,0.07358453764517886
caes,LY294002,4,40,0.15392075232140978,0.06666666666666667,0.03777821644097945
caes,LY294002,4,80,0.42896520871842114,0.3333333333333333,0.029231441589283647
caes,LY294002,4,10000,0.603218881531321,0.8166666666666667,0.018733828037506783
caes,Wortmannin,2,5,-3.0583478413602787,0.016666666666666666,0.3853001244417797
caes,Wortmannin,2,10,-2.4659548052563034,0.03333333333333333,0.23329290818714404
caes,Wortmannin,2,20,-1.2236105728650961,0.0,0.12842918053970986
caes,Wortmannin,2,40,-0.5376877750477406,0.08333333333333333,0.08316029079405463
caes,Wortmannin,2,80,0.10599833342991988,0.21666666666666667,0.062708022829144
caes,Wortmannin,2,10000,0.3018967437493487,0.3333333333333333,0.0364701510452311
caes,Wortmannin,3,5,-5.321722899950963,0.0,0.4555966807826131
caes,Wortmannin,3,10,-2.4800660222604636,0.0,0.1855791233508436
caes,Wortmannin,3,20,-1.2054666186596008,0.0,0.10004507414487984
caes,Wortmannin,3,40,-0.07464336659562265,0.03333333333333333,0.04501584280979698
caes,Wortmannin,3,80,0.17274168643352522,0.1,0.03721951668328216
caes,Wortmannin,3,10000,0.38222191640000164,0.23333333333333334,0.02026098831641776
caes,Wortmannin,4,5,-6.218034111477676,0.0,0.26571639549460624
caes,Wortmannin,4,10,-3.1444982749678845,0.0,0.15558938588462673
caes,Wortmannin,4,20,-1.1482226519311243,0.0,0.07997653954623274
caes,Wortmannin,4,40,-0.21914178817935515,0.016666666666666666,0.03702313388518885
caes,Wortmannin,4,80,0.189179737548899,0.06666666666666667,0.024015115839735035
caes,Wortmannin,4,10000,0.42337036427226754,0.05,0.009263119853937463
log_nc,LY294002,2,5,0.22854917005601705,0.2833333333333333,0.09825360233192132
log_nc,LY294002,2,10,0.23717301049271894,0.31666666666666665,0.057366292191000756
log_nc,LY294002,2,20,0.5148691519680321,0.5166666666666667,0.04739044063334208
log_nc,LY294002,2,40,0.545440241716179,0.5666666666666667,0.026886717769848467
log_nc,LY294002,2,80,0.6027064510630186,0.6666666666666666,0.023488932995527734
log_nc,LY294002,2,10000,0.654658127621276,0.8833333333333333,0.022957273140695178
log_nc,LY294002,3,5,0.01405132304913953,0.11666666666666667,0.07631129945786613
log_nc,LY294002,3,10,0.23960997358418962,0.16666666666666666,0.03685739110388919
log_nc,LY294002,3,20,0.41692723787853664,0.36666666666666664,0.03742192367300928
log_nc,LY294002,3,40,0.5362526923377117,0.7166666666666667,0.02393141813003341
log_nc,LY294002,3,80,0.5697245507598155,0.7333333333333333,0.015796119413871657
log_nc,LY294002,3,10000,0.6452989570949929,0.9,0.015965021792336054
log_nc,LY294002,4,5,-0.03174367907565323,0.03333333333333333,0.05310213372529354
log_nc,LY294002,4,10,0.24589369434257263,0.13333333333333333,0.031132320806331937
log_nc,LY294002,4,20,0.4303070674925106,0.3333333333333333,0.03126650111452711
log_nc,LY294002,4,40,0.4965523790945248,0.48333333333333334,0.015840215416508874
log_nc,LY294002,4,80,0.5688501794526801,0.6833333333333333,0.01055179120655575
log_nc,LY294002,4,10000,0.5915191209172741,1.0,5.832190286270134e-10
log_nc,Wortmannin,2,5,0.1858026791135194,0.26666666666666666,0.09338868450954557
log_nc,Wortmannin,2,10,0.47146417326877116,0.45,0.04359180980048799
log_nc,Wortmannin,2,20,0.5452371560245926,0.55,0.055680967674409
log_nc,Wortmannin,2,40,0.4956889449530961,0.48333333333333334,0.02602141833046978
log_nc,Wortmannin,2,80,0.6241694300616918,0.6833333333333333,0.028771538108249006
log_nc,Wortmannin,2,10000,0.6868784747623011,0.85,0.027095738199594488
log_nc,Wortmannin,3,5,0.02584854729181646,0.18333333333333332,0.07429411425990629
log_nc,Wortmannin,3,10,0.2539263795089659,0.06666666666666667,0.05076423098949595
log_nc,Wortmannin,3,20,0.4229251352583443,0.3333333333333333,0.03680548319931226
log_nc,Wortmannin,3,40,0.5455390400225548,0.6333333333333333,0.021016020218559917
log_nc,Wortmannin,3,80,0.5932756100096654,0.8,0.016723591185675124
log_nc,Wortmannin,3,10000,0.645867463840231,1.0,0.010869019806397873
log_nc,Wortmannin,4,5,0.008095735845703445,0.016666666666666666,0.04594193381375217
log_nc,Wortmannin,4,10,0.25337095993283754,0.05,0.038296878099213616
log_nc,Wortmannin,4,20,0.44044838042708817,0.3333333333333333,0.020749798102962458
log_nc,Wortmannin,4,40,0.5457342467549424,0.6166666666666667,0.01995348209132153
log_nc,Wortmannin,4,80,0.5806185342520721,0.7333333333333333,0.01131316713727526
log_nc,Wortmannin,4,10000,0.616971945279877,1.0,1.5944007225598966e-10
probe,LY294002,2,5,0.3222177193115406,0.3333333333333333,0.07666648357021083
probe,LY294002,2,10,0.6348610547911137,0.7166666666666667,0.05521247792139411
probe,LY294002,2,20,0.7415317228419778,0.9,0.05117161161657058
probe,LY294002,2,40,0.7948230012731105,0.9833333333333333,0.038949654776820886
probe,LY294002,2,80,0.8703765038948892,1.0,0.03637322770550139
probe,LY294002,2,10000,0.9295548529688151,1.0,0.02712049256327037
probe,LY294002,3,5,0.21724265671752585,0.23333333333333334,0.06672394141411264
probe,LY294002,3,10,0.6022574719095721,0.6666666666666666,0.05383287897099587
probe,LY294002,3,20,0.7052022249365613,0.9,0.036240177085300807
probe,LY294002,3,40,0.8312352975032957,1.0,0.034108466669471316
probe,LY294002,3,80,0.8753331597640386,1.0,0.025594195037720258
probe,LY294002,3,10000,0.9364689478539872,1.0,0.01340678774971843
probe,LY294002,4,5,0.3269329756625438,0.2,0.04643877861669182
probe,LY294002,4,10,0.5971403678518243,0.6666666666666666,0.043136436801509914
probe,LY294002,4,20,0.7377154724905095,0.9833333333333333,0.04254608278931704
probe,LY294002,4,40,0.828398271911089,1.0,0.028682885899137422
probe,LY294002,4,80,0.8944158376309443,1.0,0.017543202211931286
probe,LY294002,4,10000,0.937833936353599,1.0,0.008784407957926843
probe,Wortmannin,2,5,0.09334326699033207,0.2,0.07307096007136049
probe,Wortmannin,2,10,0.5319750699612755,0.55,0.05433027648187949
probe,Wortmannin,2,20,0.6953127316450113,0.8333333333333334,0.044743351053630254
probe,Wortmannin,2,40,0.7606021277096173,0.9166666666666666,0.03172618602931948
probe,Wortmannin,2,80,0.8333742434994342,0.9666666666666667,0.02488399635359989
probe,Wortmannin,2,10000,0.8829349948719196,1.0,0.01651868964467862
probe,Wortmannin,3,5,0.20169094158552564,0.13333333333333333,0.06446515918260937
probe,Wortmannin,3,10,0.561066800456794,0.5666666666666667,0.04630281823880167
probe,Wortmannin,3,20,0.6651414841426234,0.8666666666666667,0.034555750368649885
probe,Wortmannin,3,40,0.7832518861273309,0.9666666666666667,0.032224975369811615
probe,Wortmannin,3,80,0.8261549535982928,1.0,0.02176369694454039
probe,Wortmannin,3,10000,0.886261125052423,1.0,0.01206198332052888
probe,Wortmannin,4,5,0.17236199474945857,0.1,0.05096955693859273
probe,Wortmannin,4,10,0.49886942754503666,0.48333333333333334,0.046829385265415024
probe,Wortmannin,4,20,0.6796084141992648,0.9,0.03439558405406795
probe,Wortmannin,4,40,0.7917946300698171,1.0,0.01959156699036424
probe,Wortmannin,4,80,0.842304296715412,1.0,0.01720874820086271
probe,Wortmannin,4,10000,0.8976593675812489,1.0,0.006469929826865506
