plate,well,group,dose,unit,role,log_nc,caes,probe,n_cells
BBBC013,A01,Wortmannin,0.0,nM,neg,-0.11755158550943255,3.365961041968787,0.0187417212239088,417
BBBC013,A02,Wortmannin,0.0,nM,sample,0.02733653596296371,3.30490419144641,0.018415522484926238,367
BBBC013,A03,Wortmannin,0.98,nM,sample,0.1885432867712095,3.3314795979213945,0.04342382348432426,336
BBBC013,A04,Wortmannin,1.95,nM,sample,0.3699168259975809,3.34542384328685,0.02503517256118373,351
BBBC013,A05,Wortmannin,3.91,nM,sample,0.3483255744546934,3.3328887760199906,0.052679983271499815,305
BBBC013,A06,Wortmannin,7.81,nM,sample,0.5106422559946188,3.393587406036057,0.1861450408068722,302
BBBC013,A07,Wortmannin,15.63,nM,sample,1.2472908114945747,3.5410623183634677,0.8322855177549742,289
BBBC013,A08,Wortmannin,31.25,nM,sample,1.4235574637873327,3.7425528222764757,0.9742072346185644,300
BBBC013,A09,Wortmannin,62.5,nM,sample,1.6192187797564974,3.6568567070771523,0.9668011437491937,275
BBBC013,A10,Wortmannin,125.0,nM,sample,1.5811070039660837,3.632793801639748,0.9463747535560247,226
BBBC013,A11,Wortmannin,250.0,nM,sample,1.5385667230090114,3.6760775783779396,0.9878524861165455,266
BBBC013,A12,Wortmannin,150.0,nM,pos,1.70418944481243,3.7604222479401272,0.9802373837193717,253
BBBC013,B01,Wortmannin,0.0,nM,neg,0.10526039544511473,3.3476333429768603,0.046629722439000966,260
BBBC013,B02,Wortmannin,0.0,nM,sample,0.0861528150971671,3.325223868287192,0.012884802409010925,287
BBBC013,B03,Wortmannin,0.98,nM,sample,0.08091895890313962,3.3378982941534674,0.03950030775849198,351
BBBC013,B04,Wortmannin,1.95,nM,sample,0.17511715051108312,3.3540132062334562,0.03941911590655177,301
BBBC013,B05,Wortmannin,3.91,nM,sample,0.25918870724776466,3.359125818363109,0.03679262260413963,305
BBBC013,B06,Wortmannin,7.81,nM,sample,0.7895766596206533,3.4219741009651776,0.19662658054631357,312
BBBC013,B07,Wortmannin,15.63,nM,sample,1.308737520440286,3.4725134820076002,0.8116823961274566,268
BBBC013,B08,Wortmannin,31.25,nM,sample,1.5207330857966799,3.609798289211317,0.9427548800398347,284
BBBC013,B09,Wortmannin,62.5,nM,sample,1.5760055162390576,3.6917848157096613,0.9557912098859882,257
BBBC013,B10,Wortmannin,125.0,nM,sample,1.5611611355017658,3.6251003794528533,0.9782156847702916,287
BBBC013,B11,Wortmannin,250.0,nM,sample,1.6192928188615985,3.5971523819491336,0.9497964949446231,263
BBBC013,B12,Wortmannin,150.0,nM,pos,1.764924747735761,3.6959711893824703,0.9688809527443689,228
BBBC013,C01,Wortmannin,0.0,nM,neg,0.04047199153447504,3.350369529908242,0.047280014271617515,221
BBBC013,C02,Wortmannin,0.0,nM,sample,0.061782979868712,3.326109455313231,0.07714946422446375,268
BBBC013,C03,Wortmannin,0.98,nM,sample,0.23155786605688483,3.2714208332660024,0.017097357892711735,299
BBBC013,C04,Wortmannin,1.95,nM,sample,0.2024944663162903,3.344326845658132,0.03453651693108976,326
BBBC013,C05,Wortmannin,3.91,nM,sample,0.3846390376978864,3.3621925470959066,0.11858219603119541,259
BBBC013,C06,Wortmannin,7.81,nM,sample,0.788787495609788,3.435876518661212,0.2806103093614003,272
BBBC013,C07,Wortmannin,15.63,nM,sample,1.5590076682877718,3.5734590902109535,0.9098146089328611,271
BBBC013,C08,Wortmannin,31.25,nM,sample,1.5237240281627977,3.587275052958756,0.9458073808084336,267
BBBC013,C09,Wortmannin,62.5,nM,sample,1.639417959358733,3.6577307231691147,0.9553084618278912,210
BBBC013,C10,Wortmannin,125.0,nM,sample,1.566989543288788,3.572409279111478,0.9550131755587581,292
BBBC013,C11,Wortmannin,250.0,nM,sample,1.738450877191276,3.74810132913101,0.9717508019432762,221
BBBC013,C12,Wortmannin,150.0,nM,pos,1.7162512781406227,3.7058423988542635,0.97513766543845,295
BBBC013,D01,Wortmannin,0.0,nM,neg,0.1560826190603533,3.3243205621480016,0.02151250856052919,278
BBBC013,D02,Wortmannin,0.0,nM,sample,0.2026583927682181,3.3590384722623576,0.01758845793239774,309
BBBC013,D03,Wortmannin,0.98,nM,sample,0.05613855704789169,3.3431440477839742,0.025178649464539717,263
BBBC013,D04,Wortmannin,1.95,nM,sample,0.33860961688220975,3.334574865556533,0.037130622821609026,309
BBBC013,D05,Wortmannin,3.91,nM,sample,0.4102630958744457,3.339295105088844,0.05942490853211005,306
BBBC013,D06,Wortmannin,7.81,nM,sample,0.8113531106541537,3.4118440885807564,0.2709852517024225,255
BBBC013,D07,Wortmannin,15.63,nM,sample,1.419354732168073,3.5273699633514215,0.9178730906763425,258
BBBC013,D08,Wortmannin,31.25,nM,sample,1.7077169757180393,3.6254258274610547,0.967233305485332,257
BBBC013,D09,Wortmannin,62.5,nM,sample,1.4770619190000696,3.583860789850273,0.9364485920174047,280
BBBC013,D10,Wortmannin,125.0,nM,sample,1.8039684454051597,3.648119635078038,0.9587923456745077,269
BBBC013,D11,Wortmannin,250.0,nM,sample,1.6628641341976844,3.6563060366713964,0.9582942646652571,267
BBBC013,D12,Wortmannin,150.0,nM,pos,1.6110712934791345,3.635399365930331,0.9338311001427414,258
BBBC013,E01,LY294002,150.0,uM,pos,1.511812525183488,3.7103005600995314,0.9683559527820039,327
BBBC013,E02,LY294002,0.0,uM,sample,0.027261249083915008,3.3229975348255785,0.052318260371273066,269
BBBC013,E03,LY294002,0.31,uM,sample,0.19398855270146448,3.353991400578469,0.04133456314926125,305
BBBC013,E04,LY294002,0.63,uM,sample,0.26242841143379686,3.310563663260689,0.03642748302285104,324
BBBC013,E05,LY294002,1.25,uM,sample,0.5344196342113144,3.374739752630876,0.09244190058415176,265
BBBC013,E06,LY294002,2.5,uM,sample,0.7859663949883329,3.3862035318873143,0.21886454806573627,241
BBBC013,E07,LY294002,5.0,uM,sample,1.3858631197578835,3.481695323723618,0.6730719029543858,240
BBBC013,E08,LY294002,10.0,uM,sample,1.4312285972752878,3.5836781684701213,0.9488405139861154,255
BBBC013,E09,LY294002,20.0,uM,sample,1.5753187862186036,3.6764256862358122,0.964017402573868,270
BBBC013,E10,LY294002,40.0,uM,sample,1.7839702907720503,3.637490161372042,0.9673845654442197,189
BBBC013,E11,LY294002,80.0,uM,sample,1.6728259136561157,3.7207296869271635,0.9818889134460025,234
BBBC013,E12,LY294002,0.0,uM,neg,0.16493500805501743,3.3492442001694176,0.037637620291008964,287
BBBC013,F01,LY294002,150.0,uM,pos,1.52180655304773,3.610823933532729,0.9660910734143413,305
BBBC013,F02,LY294002,0.0,uM,sample,0.037405242441342974,3.3270265397708805,0.01073824195313613,253
BBBC013,F03,LY294002,0.31,uM,sample,0.3453467491078415,3.3767549530100105,0.04507337311745881,189
BBBC013,F04,LY294002,0.63,uM,sample,0.1648624963643247,3.346102407368549,0.015385679519114842,229
BBBC013,F05,LY294002,1.25,uM,sample,0.23501092811082552,3.3804294003951836,0.05664984395394123,229
BBBC013,F06,LY294002,2.5,uM,sample,0.6342946621006017,3.3674860140890277,0.24252594228336496,234
BBBC013,F07,LY294002,5.0,uM,sample,1.2211354345036465,3.5133832711375823,0.794639708253879,223
BBBC013,F08,LY294002,10.0,uM,sample,1.6687970402303653,3.629414824848598,0.9727091351754902,242
BBBC013,F09,LY294002,20.0,uM,sample,1.5646257138667432,3.61735481414701,0.9655355346344766,273
BBBC013,F10,LY294002,40.0,uM,sample,1.5572548103010404,3.604255714240346,0.9434384604454296,234
BBBC013,F11,LY294002,80.0,uM,sample,1.7278632199196513,3.6647351478352603,0.9729834862141741,253
BBBC013,F12,LY294002,0.0,uM,neg,0.04697681990924048,3.333263079509536,0.028025349958728973,262
BBBC013,G01,LY294002,150.0,uM,pos,1.5047857481410134,3.6348630534692363,0.9690676766918811,429
BBBC013,G02,LY294002,0.0,uM,sample,0.12472901681420899,3.3484276964625788,0.01500374828878024,216
BBBC013,G03,LY294002,0.31,uM,sample,0.1392018533443751,3.3413123921071315,0.024709582304992834,268
BBBC013,G04,LY294002,0.63,uM,sample,0.13699911574035353,3.3510423921484476,0.03714463413489373,233
BBBC013,G05,LY294002,1.25,uM,sample,0.3358458041079682,3.3860442168505602,0.0965528937047861,264
BBBC013,G06,LY294002,2.5,uM,sample,0.48361869324945045,3.399533426827653,0.1653247278644629,284
BBBC013,G07,LY294002,5.0,uM,sample,1.1791181582329422,3.5217254889761573,0.7040746043825967,230
BBBC013,G08,LY294002,10.0,uM,sample,1.6634754820604327,3.5686524653780674,0.9408013224562238,221
BBBC013,G09,LY294002,20.0,uM,sample,1.6885128708468373,3.7398129121472183,0.9810723800515837,230
BBBC013,G10,LY294002,40.0,uM,sample,1.669480392180523,3.680860263650852,0.9616664507155938,248
BBBC013,G11,LY294002,80.0,uM,sample,1.942257191401192,3.7327545836960745,0.9842550420979841,218
BBBC013,G12,LY294002,0.0,uM,neg,0.11044970754351362,3.358189718245799,0.03285683745889992,250
BBBC013,H01,LY294002,150.0,uM,pos,1.81397150350395,3.726936617227776,0.9913825373042304,424
BBBC013,H02,LY294002,0.0,uM,sample,0.17389546467008404,3.309102740646422,0.039245134874120874,264
BBBC013,H03,LY294002,0.31,uM,sample,0.39806656285410436,3.382218810832274,0.03762444508043323,287
BBBC013,H04,LY294002,0.63,uM,sample,0.12386401306479941,3.3462830598788647,0.03115844145467017,261
BBBC013,H05,LY294002,1.25,uM,sample,0.15012018552434855,3.369385960768309,0.01629838860603419,367
BBBC013,H06,LY294002,2.5,uM,sample,0.4071618336630546,3.360735976260679,0.061424042062048954,240
BBBC013,H07,LY294002,5.0,uM,sample,1.0922346897393662,3.49772890695363,0.6136214465417865,222
BBBC013,H08,LY294002,10.0,uM,sample,1.6358526942465743,3.6419506350870177,0.9540044083990858,223
BBBC013,H09,LY294002,20.0,uM,sample,1.5047998535645941,3.6312861336131443,0.9632606318549198,340
BBBC013,H10,LY294002,40.0,uM,sample,1.504352705020769,3.768438180467684,0.9618449786152595,234
BBBC013,H11,LY294002,80.0,uM,sample,1.813802410526373,3.670912873737538,0.9750882490617888,350
BBBC013,H12,LY294002,0.0,uM,neg,-0.1452956184901785,3.4135830660669093,0.016759309885791867,324
