curve,readout,tokens,param,zprime
BBBC013/Wortmannin,CAES,cls+patch,PCA k=8,-1.1293652755686057
BBBC013/Wortmannin,CAES,cls+patch,PCA k=16,-0.05602525629149624
BBBC013/Wortmannin,CAES,cls+patch,PCA k=32,0.3891947454315252
BBBC013/Wortmannin,CAES,cls+patch,PCA k=64,0.46181675968628644
BBBC013/Wortmannin,probe,cls+patch,C=0.01,0.8883939633612965
BBBC013/Wortmannin,probe,cls+patch,C=0.1,0.9080783095944788
BBBC013/Wortmannin,probe,cls+patch,C=1.0,0.9178042650892513
BBBC013/Wortmannin,CAES,cls,PCA k=8,0.03457179165600455
BBBC013/Wortmannin,CAES,cls,PCA k=16,0.28663756668349305
BBBC013/Wortmannin,CAES,cls,PCA k=32,0.5222457389344934
BBBC013/Wortmannin,CAES,cls,PCA k=64,0.3478612074308106
BBBC013/Wortmannin,probe,cls,C=0.01,0.8908062265945851
BBBC013/Wortmannin,probe,cls,C=0.1,0.9104779480223545
BBBC013/Wortmannin,probe,cls,C=1.0,0.9154791158115276
BBBC013/Wortmannin,CAES,patch,PCA k=8,-2.788802659528543
BBBC013/Wortmannin,CAES,patch,PCA k=16,-0.7156459193566027
BBBC013/Wortmannin,CAES,patch,PCA k=32,0.11412382315408409
BBBC013/Wortmannin,CAES,patch,PCA k=64,0.36156106764230345
BBBC013/Wortmannin,probe,patch,C=0.01,0.843171661719367
BBBC013/Wortmannin,probe,patch,C=0.1,0.8730440424912264
BBBC013/Wortmannin,probe,patch,C=1.0,0.8830989463736566
BBBC013/LY294002,CAES,cls+patch,PCA k=8,-1.028908871620272
BBBC013/LY294002,CAES,cls+patch,PCA k=16,0.2634639031661318
BBBC013/LY294002,CAES,cls+patch,PCA k=32,0.6107129811100063
BBBC013/LY294002,CAES,cls+patch,PCA k=64,0.7744566111820148
BBBC013/LY294002,probe,cls+patch,C=0.01,0.9355444588976791
BBBC013/LY294002,probe,cls+patch,C=0.1,0.9448759232074304
BBBC013/LY294002,probe,cls+patch,C=1.0,0.9489284385169925
BBBC013/LY294002,CAES,cls,PCA k=8,0.031663005309769066
BBBC013/LY294002,CAES,cls,PCA k=16,0.5006182165938751
BBBC013/LY294002,CAES,cls,PCA k=32,0.6310575656587625
BBBC013/LY294002,CAES,cls,PCA k=64,0.633813013320717
BBBC013/LY294002,probe,cls,C=0.01,0.9314348746556317
BBBC013/LY294002,probe,cls,C=0.1,0.9438838490491417
BBBC013/LY294002,probe,cls,C=1.0,0.9470076839560704
BBBC013/LY294002,CAES,patch,PCA k=8,-1.4144909475617675
BBBC013/LY294002,CAES,patch,PCA k=16,0.0578043629633932
BBBC013/LY294002,CAES,patch,PCA k=32,0.5118921280128818
BBBC013/LY294002,CAES,patch,PCA k=64,0.733756109186126
BBBC013/LY294002,probe,patch,C=0.01,0.9160367026724084
BBBC013/LY294002,probe,patch,C=0.1,0.9305800309654348
BBBC013/LY294002,probe,patch,C=1.0,0.9335200009335681
BBBC014/A549,CAES,cls+patch,PCA k=8,0.4024859537925328
BBBC014/A549,CAES,cls+patch,PCA k=16,0.547326568068454
BBBC014/A549,CAES,cls+patch,PCA k=32,0.6784242068185284
BBBC014/A549,CAES,cls+patch,PCA k=64,0.6869246236949071
BBBC014/A549,probe,cls+patch,C=0.01,0.9095669191773447
BBBC014/A549,probe,cls+patch,C=0.1,0.9319473745311398
BBBC014/A549,probe,cls+patch,C=1.0,0.9351561608263018
BBBC014/A549,CAES,cls,PCA k=8,0.4737870044437946
BBBC014/A549,CAES,cls,PCA k=16,0.5050912969837884
BBBC014/A549,CAES,cls,PCA k=32,0.6251475250928014
BBBC014/A549,CAES,cls,PCA k=64,0.6307777656864227
BBBC014/A549,probe,cls,C=0.01,0.8992871074943868
BBBC014/A549,probe,cls,C=0.1,0.9236746567819729
BBBC014/A549,probe,cls,C=1.0,0.9267842954969979
BBBC014/A549,CAES,patch,PCA k=8,0.570849815238101
BBBC014/A549,CAES,patch,PCA k=16,0.6151363083053761
BBBC014/A549,CAES,patch,PCA k=32,0.6351405135593969
BBBC014/A549,CAES,patch,PCA k=64,0.635690253613004
BBBC014/A549,probe,patch,C=0.01,0.8867483506625827
BBBC014/A549,probe,patch,C=0.1,0.9183784365076303
BBBC014/A549,probe,patch,C=1.0,0.9297503744716389
BBBC014/MCF7,CAES,cls+patch,PCA k=8,0.25278694752449293
BBBC014/MCF7,CAES,cls+patch,PCA k=16,0.042898278767689146
BBBC014/MCF7,CAES,cls+patch,PCA k=32,0.1892325803248801
BBBC014/MCF7,CAES,cls+patch,PCA k=64,0.492686310950053
BBBC014/MCF7,probe,cls+patch,C=0.01,0.8558051814234422
BBBC014/MCF7,probe,cls+patch,C=0.1,0.8736900100505205
BBBC014/MCF7,probe,cls+patch,C=1.0,0.8890021405334388
BBBC014/MCF7,CAES,cls,PCA k=8,0.3013237316907158
BBBC014/MCF7,CAES,cls,PCA k=16,-0.05365986085659791
BBBC014/MCF7,CAES,cls,PCA k=32,0.2640143995344876
BBBC014/MCF7,CAES,cls,PCA k=64,0.43745338907878795
BBBC014/MCF7,probe,cls,C=0.01,0.8383624405037553
BBBC014/MCF7,probe,cls,C=0.1,0.8646284147719722
BBBC014/MCF7,probe,cls,C=1.0,0.8710186970428248
BBBC014/MCF7,CAES,patch,PCA k=8,-0.03273859606519558
BBBC014/MCF7,CAES,patch,PCA k=16,0.11150172045325535
BBBC014/MCF7,CAES,patch,PCA k=32,0.199050794849282
BBBC014/MCF7,CAES,patch,PCA k=64,0.43283249330672824
BBBC014/MCF7,probe,patch,C=0.01,0.8373779703234439
BBBC014/MCF7,probe,patch,C=0.1,0.8695760536728956
BBBC014/MCF7,probe,patch,C=1.0,0.8749650007020007
